,,0
reanalysis_specific_humidity_g_per_kg,reanalysis_dew_point_temp_k,0.9970512932011444
reanalysis_dew_point_temp_k,reanalysis_specific_humidity_g_per_kg,0.9970512932011444
reanalysis_tdtr_k,reanalysis_max_air_temp_k,0.9185782576923699
reanalysis_max_air_temp_k,reanalysis_tdtr_k,0.9185782576923699
reanalysis_air_temp_k,reanalysis_avg_temp_k,0.9017774447168251
reanalysis_avg_temp_k,reanalysis_air_temp_k,0.9017774447168251
reanalysis_tdtr_k,station_diur_temp_rng_c,0.8811757452591914
station_diur_temp_rng_c,reanalysis_tdtr_k,0.8811757452591914
ndvi_ne,ndvi_nw,0.8509019513097034
ndvi_nw,ndvi_ne,0.8509019513097034
reanalysis_max_air_temp_k,station_diur_temp_rng_c,0.8342630475927447
station_diur_temp_rng_c,reanalysis_max_air_temp_k,0.8342630475927447
ndvi_se,ndvi_sw,0.820924374791436
ndvi_sw,ndvi_se,0.820924374791436
reanalysis_tdtr_k,reanalysis_min_air_temp_k,0.8155111964197745
reanalysis_min_air_temp_k,reanalysis_tdtr_k,0.8155111964197745
station_avg_temp_c,station_max_temp_c,0.7645762966300073
station_max_temp_c,station_avg_temp_c,0.7645762966300073
station_max_temp_c,reanalysis_max_air_temp_k,0.7634455760617348
reanalysis_max_air_temp_k,station_max_temp_c,0.7634455760617348
station_avg_temp_c,reanalysis_avg_temp_k,0.7513303189014919
reanalysis_avg_temp_k,station_avg_temp_c,0.7513303189014919
station_avg_temp_c,reanalysis_specific_humidity_g_per_kg,0.7478085493012696
reanalysis_specific_humidity_g_per_kg,station_avg_temp_c,0.7478085493012696
station_avg_temp_c,reanalysis_dew_point_temp_k,0.7435062681877357
reanalysis_dew_point_temp_k,station_avg_temp_c,0.7435062681877357
reanalysis_min_air_temp_k,reanalysis_air_temp_k,0.7367645621666015
reanalysis_air_temp_k,reanalysis_min_air_temp_k,0.7367645621666015
station_min_temp_c,reanalysis_min_air_temp_k,0.7207009670901589
reanalysis_min_air_temp_k,station_min_temp_c,0.7207009670901589
station_min_temp_c,reanalysis_air_temp_k,0.7196124643674666
reanalysis_air_temp_k,station_min_temp_c,0.7196124643674666
station_diur_temp_rng_c,reanalysis_min_air_temp_k,0.7156756884122201
reanalysis_min_air_temp_k,station_diur_temp_rng_c,0.7156756884122201
station_diur_temp_rng_c,station_max_temp_c,0.7152169440660887
station_max_temp_c,station_diur_temp_rng_c,0.7152169440660887
ndvi_ne,reanalysis_tdtr_k,0.6739352210348178
reanalysis_tdtr_k,ndvi_ne,0.6739352210348178
ndvi_ne,ndvi_sw,0.6695039937128969
ndvi_sw,ndvi_ne,0.6695039937128969
station_diur_temp_rng_c,ndvi_ne,0.6581293274407178
ndvi_ne,station_diur_temp_rng_c,0.6581293274407178
ndvi_nw,ndvi_sw,0.6519380579095884
ndvi_sw,ndvi_nw,0.6519380579095884
station_min_temp_c,reanalysis_dew_point_temp_k,0.6515354258743891
reanalysis_dew_point_temp_k,station_min_temp_c,0.6515354258743891
station_diur_temp_rng_c,ndvi_nw,0.6494826129181607
ndvi_nw,station_diur_temp_rng_c,0.6494826129181607
ndvi_nw,reanalysis_tdtr_k,0.645596069301841
reanalysis_tdtr_k,ndvi_nw,0.645596069301841
ndvi_ne,reanalysis_max_air_temp_k,0.6343297501986812
reanalysis_max_air_temp_k,ndvi_ne,0.6343297501986812
station_min_temp_c,station_avg_temp_c,0.6332523215591667
station_avg_temp_c,station_min_temp_c,0.6332523215591667
station_min_temp_c,reanalysis_specific_humidity_g_per_kg,0.6231545287512593
reanalysis_specific_humidity_g_per_kg,station_min_temp_c,0.6231545287512593
reanalysis_min_air_temp_k,ndvi_ne,0.6231161937016374
ndvi_ne,reanalysis_min_air_temp_k,0.6231161937016374
station_avg_temp_c,reanalysis_air_temp_k,0.6199736603045829
reanalysis_air_temp_k,station_avg_temp_c,0.6199736603045829
ndvi_se,ndvi_ne,0.6143795134910117
ndvi_ne,ndvi_se,0.6143795134910117
reanalysis_avg_temp_k,reanalysis_dew_point_temp_k,0.6142679295168245
reanalysis_dew_point_temp_k,reanalysis_avg_temp_k,0.6142679295168245
station_max_temp_c,reanalysis_tdtr_k,0.6134766606432002
reanalysis_tdtr_k,station_max_temp_c,0.6134766606432002
reanalysis_specific_humidity_g_per_kg,reanalysis_avg_temp_k,0.6124839765187282
reanalysis_avg_temp_k,reanalysis_specific_humidity_g_per_kg,0.6124839765187282
reanalysis_max_air_temp_k,ndvi_nw,0.606775457214487
ndvi_nw,reanalysis_max_air_temp_k,0.606775457214487
reanalysis_min_air_temp_k,reanalysis_max_air_temp_k,0.6008495782446863
reanalysis_max_air_temp_k,reanalysis_min_air_temp_k,0.6008495782446863
reanalysis_precip_amt_kg_per_m2,reanalysis_relative_humidity_percent,0.59392794895843
reanalysis_relative_humidity_percent,reanalysis_precip_amt_kg_per_m2,0.59392794895843
ndvi_nw,reanalysis_min_air_temp_k,0.5888059754491591
reanalysis_min_air_temp_k,ndvi_nw,0.5888059754491591
reanalysis_avg_temp_k,station_min_temp_c,0.5798639213486774
station_min_temp_c,reanalysis_avg_temp_k,0.5798639213486774
reanalysis_relative_humidity_percent,reanalysis_specific_humidity_g_per_kg,0.577813300618074
reanalysis_specific_humidity_g_per_kg,reanalysis_relative_humidity_percent,0.577813300618074
reanalysis_tdtr_k,ndvi_sw,0.5695537271173934
ndvi_sw,reanalysis_tdtr_k,0.5695537271173934
ndvi_se,ndvi_nw,0.5558087294430966
ndvi_nw,ndvi_se,0.5558087294430966
reanalysis_dew_point_temp_k,reanalysis_relative_humidity_percent,0.55376563492084
reanalysis_relative_humidity_percent,reanalysis_dew_point_temp_k,0.55376563492084
ndvi_sw,reanalysis_max_air_temp_k,0.5464596365777895
reanalysis_max_air_temp_k,ndvi_sw,0.5464596365777895
ndvi_sw,station_diur_temp_rng_c,0.5458993346855291
station_diur_temp_rng_c,ndvi_sw,0.5458993346855291
reanalysis_air_temp_k,reanalysis_dew_point_temp_k,0.5297705255427094
reanalysis_dew_point_temp_k,reanalysis_air_temp_k,0.5297705255427094
station_max_temp_c,reanalysis_specific_humidity_g_per_kg,0.5193763428384837
reanalysis_specific_humidity_g_per_kg,station_max_temp_c,0.5193763428384837
reanalysis_avg_temp_k,station_max_temp_c,0.5122195900613339
station_max_temp_c,reanalysis_avg_temp_k,0.5122195900613339
reanalysis_specific_humidity_g_per_kg,reanalysis_air_temp_k,0.5083801602812121
reanalysis_air_temp_k,reanalysis_specific_humidity_g_per_kg,0.5083801602812121
reanalysis_sat_precip_amt_mm,reanalysis_relative_humidity_percent,0.4999838376486215
reanalysis_relative_humidity_percent,reanalysis_sat_precip_amt_mm,0.4999838376486215
precipitation_amt_mm,reanalysis_relative_humidity_percent,0.4999838376486214
reanalysis_relative_humidity_percent,precipitation_amt_mm,0.4999838376486214
ndvi_sw,reanalysis_min_air_temp_k,0.4942838922837464
reanalysis_min_air_temp_k,ndvi_sw,0.4942838922837464
station_max_temp_c,reanalysis_dew_point_temp_k,0.4923188988341197
reanalysis_dew_point_temp_k,station_max_temp_c,0.4923188988341197
ndvi_ne,station_max_temp_c,0.49192154641037517
station_max_temp_c,ndvi_ne,0.49192154641037517
year,reanalysis_tdtr_k,0.49054210212307947
reanalysis_tdtr_k,year,0.49054210212307947
station_max_temp_c,ndvi_nw,0.4901221176039756
ndvi_nw,station_max_temp_c,0.4901221176039756
station_precip_mm,reanalysis_sat_precip_amt_mm,0.4866369851406318
reanalysis_sat_precip_amt_mm,station_precip_mm,0.4866369851406318
precipitation_amt_mm,station_precip_mm,0.4866369851406318
station_precip_mm,precipitation_amt_mm,0.4866369851406318
ndvi_se,reanalysis_tdtr_k,0.4860472714559525
reanalysis_tdtr_k,ndvi_se,0.4860472714559525
reanalysis_precip_amt_kg_per_m2,precipitation_amt_mm,0.4811589318164678
precipitation_amt_mm,reanalysis_precip_amt_kg_per_m2,0.4811589318164678
reanalysis_precip_amt_kg_per_m2,reanalysis_sat_precip_amt_mm,0.4811589318164678
reanalysis_sat_precip_amt_mm,reanalysis_precip_amt_kg_per_m2,0.4811589318164678
year,reanalysis_max_air_temp_k,0.48040205589063284
reanalysis_max_air_temp_k,year,0.48040205589063284
station_avg_temp_c,reanalysis_max_air_temp_k,0.46966814625867437
reanalysis_max_air_temp_k,station_avg_temp_c,0.46966814625867437
ndvi_se,reanalysis_max_air_temp_k,0.4680541222217001
reanalysis_max_air_temp_k,ndvi_se,0.4680541222217001
weekofyear,reanalysis_avg_temp_k,0.4636774304198837
reanalysis_avg_temp_k,weekofyear,0.4636774304198837
reanalysis_relative_humidity_percent,ndvi_ne,0.45798546309538757
ndvi_ne,reanalysis_relative_humidity_percent,0.45798546309538757
reanalysis_specific_humidity_g_per_kg,reanalysis_precip_amt_kg_per_m2,0.45270842498762
reanalysis_precip_amt_kg_per_m2,reanalysis_specific_humidity_g_per_kg,0.45270842498762
station_min_temp_c,reanalysis_tdtr_k,0.4519399042008091
reanalysis_tdtr_k,station_min_temp_c,0.4519399042008091
reanalysis_specific_humidity_g_per_kg,precipitation_amt_mm,0.4512021658424935
precipitation_amt_mm,reanalysis_specific_humidity_g_per_kg,0.4512021658424935
reanalysis_sat_precip_amt_mm,reanalysis_specific_humidity_g_per_kg,0.4512021658424935
reanalysis_specific_humidity_g_per_kg,reanalysis_sat_precip_amt_mm,0.4512021658424935
station_precip_mm,reanalysis_relative_humidity_percent,0.4507412409124618
reanalysis_relative_humidity_percent,station_precip_mm,0.4507412409124618
ndvi_se,station_diur_temp_rng_c,0.4495990923189687
station_diur_temp_rng_c,ndvi_se,0.4495990923189687
ndvi_nw,reanalysis_relative_humidity_percent,0.4491516201108135
reanalysis_relative_humidity_percent,ndvi_nw,0.4491516201108135
station_min_temp_c,station_diur_temp_rng_c,0.4393454488151381
station_diur_temp_rng_c,station_min_temp_c,0.4393454488151381
reanalysis_min_air_temp_k,reanalysis_avg_temp_k,0.4366890625535703
reanalysis_avg_temp_k,reanalysis_min_air_temp_k,0.4366890625535703
reanalysis_dew_point_temp_k,reanalysis_sat_precip_amt_mm,0.4347220678061985
reanalysis_sat_precip_amt_mm,reanalysis_dew_point_temp_k,0.4347220678061985
reanalysis_dew_point_temp_k,precipitation_amt_mm,0.4347220678061976
precipitation_amt_mm,reanalysis_dew_point_temp_k,0.4347220678061976
reanalysis_precip_amt_kg_per_m2,reanalysis_dew_point_temp_k,0.43296987098467404
reanalysis_dew_point_temp_k,reanalysis_precip_amt_kg_per_m2,0.43296987098467404
weekofyear,reanalysis_air_temp_k,0.4257528347263885
reanalysis_air_temp_k,weekofyear,0.4257528347263885
reanalysis_relative_humidity_percent,reanalysis_min_air_temp_k,0.41071412711149424
reanalysis_min_air_temp_k,reanalysis_relative_humidity_percent,0.41071412711149424
reanalysis_min_air_temp_k,ndvi_se,0.407930519901743
ndvi_se,reanalysis_min_air_temp_k,0.407930519901743
station_diur_temp_rng_c,reanalysis_relative_humidity_percent,0.4059072035680968
reanalysis_relative_humidity_percent,station_diur_temp_rng_c,0.4059072035680968
reanalysis_air_temp_k,reanalysis_relative_humidity_percent,0.40233821389477087
reanalysis_relative_humidity_percent,reanalysis_air_temp_k,0.40233821389477087
reanalysis_max_air_temp_k,reanalysis_relative_humidity_percent,0.40009290483732785
reanalysis_relative_humidity_percent,reanalysis_max_air_temp_k,0.40009290483732785
reanalysis_avg_temp_k,reanalysis_max_air_temp_k,0.39822358680369785
reanalysis_max_air_temp_k,reanalysis_avg_temp_k,0.39822358680369785
reanalysis_relative_humidity_percent,station_max_temp_c,0.3959349546685657
station_max_temp_c,reanalysis_relative_humidity_percent,0.3959349546685657
year,reanalysis_min_air_temp_k,0.392351054100074
reanalysis_min_air_temp_k,year,0.392351054100074
station_max_temp_c,ndvi_sw,0.3773931179992661
ndvi_sw,station_max_temp_c,0.3773931179992661
year,station_diur_temp_rng_c,0.3736440611916411
station_diur_temp_rng_c,year,0.3736440611916411
station_avg_temp_c,weekofyear,0.3684075858359327
weekofyear,station_avg_temp_c,0.3684075858359327
reanalysis_min_air_temp_k,reanalysis_dew_point_temp_k,0.361781378390824
reanalysis_dew_point_temp_k,reanalysis_min_air_temp_k,0.361781378390824
reanalysis_tdtr_k,reanalysis_relative_humidity_percent,0.36002627074937255
reanalysis_relative_humidity_percent,reanalysis_tdtr_k,0.36002627074937255
weekofyear,reanalysis_specific_humidity_g_per_kg,0.35082099328906324
reanalysis_specific_humidity_g_per_kg,weekofyear,0.35082099328906324
weekofyear,reanalysis_dew_point_temp_k,0.3489455487907357
reanalysis_dew_point_temp_k,weekofyear,0.3489455487907357
station_precip_mm,reanalysis_precip_amt_kg_per_m2,0.3489356197694675
reanalysis_precip_amt_kg_per_m2,station_precip_mm,0.3489356197694675
reanalysis_air_temp_k,ndvi_ne,0.3409760254285792
ndvi_ne,reanalysis_air_temp_k,0.3409760254285792
reanalysis_relative_humidity_percent,year,0.33634921961084
year,reanalysis_relative_humidity_percent,0.33634921961084
total_cases,reanalysis_min_air_temp_k,0.3252515000910092
reanalysis_min_air_temp_k,total_cases,0.3252515000910092
reanalysis_specific_humidity_g_per_kg,reanalysis_min_air_temp_k,0.31859227883624813
reanalysis_min_air_temp_k,reanalysis_specific_humidity_g_per_kg,0.31859227883624813
reanalysis_air_temp_k,ndvi_nw,0.3178617463461844
ndvi_nw,reanalysis_air_temp_k,0.3178617463461844
station_min_temp_c,ndvi_ne,0.31569615534105483
ndvi_ne,station_min_temp_c,0.31569615534105483
reanalysis_relative_humidity_percent,ndvi_sw,0.3117586387223601
ndvi_sw,reanalysis_relative_humidity_percent,0.3117586387223601
year,total_cases,0.30680552689421564
total_cases,year,0.30680552689421564
ndvi_nw,station_min_temp_c,0.30420564286033625
station_min_temp_c,ndvi_nw,0.30420564286033625
station_diur_temp_rng_c,station_avg_temp_c,0.3038495496987701
station_avg_temp_c,station_diur_temp_rng_c,0.3038495496987701
reanalysis_max_air_temp_k,reanalysis_specific_humidity_g_per_kg,0.30027791920800856
reanalysis_specific_humidity_g_per_kg,reanalysis_max_air_temp_k,0.30027791920800856
reanalysis_sat_precip_amt_mm,station_max_temp_c,0.29621542318575456
station_max_temp_c,reanalysis_sat_precip_amt_mm,0.29621542318575456
precipitation_amt_mm,station_max_temp_c,0.29621542318575456
station_max_temp_c,precipitation_amt_mm,0.29621542318575456
station_min_temp_c,ndvi_sw,0.29468394314855284
ndvi_sw,station_min_temp_c,0.29468394314855284
station_min_temp_c,weekofyear,0.29236178027498017
weekofyear,station_min_temp_c,0.29236178027498017
station_max_temp_c,ndvi_se,0.29069133864218594
ndvi_se,station_max_temp_c,0.29069133864218594
reanalysis_sat_precip_amt_mm,reanalysis_max_air_temp_k,0.28272071583444774
reanalysis_max_air_temp_k,reanalysis_sat_precip_amt_mm,0.28272071583444774
reanalysis_max_air_temp_k,precipitation_amt_mm,0.2827207158344477
precipitation_amt_mm,reanalysis_max_air_temp_k,0.2827207158344477
reanalysis_air_temp_k,reanalysis_tdtr_k,0.280375390680533
reanalysis_tdtr_k,reanalysis_air_temp_k,0.280375390680533
reanalysis_tdtr_k,total_cases,0.2784828443020316
total_cases,reanalysis_tdtr_k,0.2784828443020316
ndvi_sw,year,0.27775860880096126
year,ndvi_sw,0.27775860880096126
station_max_temp_c,reanalysis_min_air_temp_k,0.27149542347088207
reanalysis_min_air_temp_k,station_max_temp_c,0.27149542347088207
total_cases,station_min_temp_c,0.267109339992715
station_min_temp_c,total_cases,0.267109339992715
reanalysis_air_temp_k,total_cases,0.2649515277638285
total_cases,reanalysis_air_temp_k,0.2649515277638285
station_diur_temp_rng_c,reanalysis_air_temp_k,0.2614567143962908
reanalysis_air_temp_k,station_diur_temp_rng_c,0.2614567143962908
reanalysis_max_air_temp_k,reanalysis_dew_point_temp_k,0.25738010804626527
reanalysis_dew_point_temp_k,reanalysis_max_air_temp_k,0.25738010804626527
reanalysis_specific_humidity_g_per_kg,station_precip_mm,0.2558359111208968
station_precip_mm,reanalysis_specific_humidity_g_per_kg,0.2558359111208968
ndvi_se,station_min_temp_c,0.25162063177081906
station_min_temp_c,ndvi_se,0.25162063177081906
station_precip_mm,reanalysis_max_air_temp_k,0.25117684016567804
reanalysis_max_air_temp_k,station_precip_mm,0.25117684016567804
reanalysis_relative_humidity_percent,station_avg_temp_c,0.2433847558052878
station_avg_temp_c,reanalysis_relative_humidity_percent,0.2433847558052878
station_precip_mm,ndvi_ne,0.24226316211304436
ndvi_ne,station_precip_mm,0.24226316211304436
total_cases,ndvi_ne,0.24137617216494717
ndvi_ne,total_cases,0.24137617216494717
station_precip_mm,reanalysis_dew_point_temp_k,0.24133483263820849
reanalysis_dew_point_temp_k,station_precip_mm,0.24133483263820849
reanalysis_max_air_temp_k,weekofyear,0.2380775034485627
weekofyear,reanalysis_max_air_temp_k,0.2380775034485627
total_cases,station_diur_temp_rng_c,0.2378436889888472
station_diur_temp_rng_c,total_cases,0.2378436889888472
reanalysis_min_air_temp_k,station_precip_mm,0.23714237615901126
station_precip_mm,reanalysis_min_air_temp_k,0.23714237615901126
year,ndvi_se,0.23423381640516247
ndvi_se,year,0.23423381640516247
station_precip_mm,reanalysis_tdtr_k,0.23278313692268404
reanalysis_tdtr_k,station_precip_mm,0.23278313692268404
station_max_temp_c,weekofyear,0.23209775108376798
weekofyear,station_max_temp_c,0.23209775108376798
ndvi_sw,reanalysis_air_temp_k,0.2278237741590235
reanalysis_air_temp_k,ndvi_sw,0.2278237741590235
station_max_temp_c,reanalysis_air_temp_k,0.22776797316800518
reanalysis_air_temp_k,station_max_temp_c,0.22776797316800518
year,station_max_temp_c,0.2273202410889633
station_max_temp_c,year,0.2273202410889633
reanalysis_sat_precip_amt_mm,station_avg_temp_c,0.22540774961870289
station_avg_temp_c,precipitation_amt_mm,0.22540774961870289
station_avg_temp_c,reanalysis_sat_precip_amt_mm,0.22540774961870289
precipitation_amt_mm,station_avg_temp_c,0.22540774961870289
ndvi_ne,year,0.2233606288987892
year,ndvi_ne,0.2233606288987892
ndvi_nw,station_precip_mm,0.22131356207986513
station_precip_mm,ndvi_nw,0.22131356207986513
station_precip_mm,year,0.21991023265942625
year,station_precip_mm,0.21991023265942625
reanalysis_tdtr_k,station_avg_temp_c,0.21706650719697776
station_avg_temp_c,reanalysis_tdtr_k,0.21706650719697776
reanalysis_min_air_temp_k,station_avg_temp_c,0.21654301532107723
station_avg_temp_c,reanalysis_min_air_temp_k,0.21654301532107723
weekofyear,total_cases,0.21645191306892828
total_cases,weekofyear,0.21645191306892828
reanalysis_relative_humidity_percent,ndvi_se,0.21560633168605636
ndvi_se,reanalysis_relative_humidity_percent,0.21560633168605636
year,station_min_temp_c,0.2144823844748559
station_min_temp_c,year,0.2144823844748559
ndvi_ne,precipitation_amt_mm,0.20573645109841035
precipitation_amt_mm,ndvi_ne,0.20573645109841035
ndvi_ne,reanalysis_sat_precip_amt_mm,0.20573645109841035
reanalysis_sat_precip_amt_mm,ndvi_ne,0.20573645109841035
year,precipitation_amt_mm,0.20530171612536202
reanalysis_sat_precip_amt_mm,year,0.20530171612536202
year,reanalysis_sat_precip_amt_mm,0.20530171612536202
precipitation_amt_mm,year,0.20530171612536202
ndvi_nw,station_avg_temp_c,0.20397497752641344
station_avg_temp_c,ndvi_nw,0.20397497752641344
ndvi_nw,total_cases,0.20223537415326903
total_cases,ndvi_nw,0.20223537415326903
reanalysis_tdtr_k,precipitation_amt_mm,0.20142666460275996
precipitation_amt_mm,reanalysis_tdtr_k,0.20142666460275996
reanalysis_tdtr_k,reanalysis_sat_precip_amt_mm,0.20142666460275996
reanalysis_sat_precip_amt_mm,reanalysis_tdtr_k,0.20142666460275996
reanalysis_precip_amt_kg_per_m2,ndvi_ne,0.19941089862415143
ndvi_ne,reanalysis_precip_amt_kg_per_m2,0.19941089862415143
ndvi_sw,total_cases,0.19646075838008634
total_cases,ndvi_sw,0.19646075838008634
reanalysis_precip_amt_kg_per_m2,station_max_temp_c,0.19644669370495563
station_max_temp_c,reanalysis_precip_amt_kg_per_m2,0.19644669370495563
station_min_temp_c,reanalysis_max_air_temp_k,0.193708521466258
reanalysis_max_air_temp_k,station_min_temp_c,0.193708521466258
ndvi_nw,precipitation_amt_mm,0.19356265758923216
reanalysis_sat_precip_amt_mm,ndvi_nw,0.19356265758923216
ndvi_nw,reanalysis_sat_precip_amt_mm,0.19356265758923216
precipitation_amt_mm,ndvi_nw,0.19356265758923216
station_diur_temp_rng_c,precipitation_amt_mm,0.19335821288959537
precipitation_amt_mm,station_diur_temp_rng_c,0.19335821288959537
station_diur_temp_rng_c,reanalysis_sat_precip_amt_mm,0.19335821288959537
reanalysis_sat_precip_amt_mm,station_diur_temp_rng_c,0.19335821288959537
reanalysis_precip_amt_kg_per_m2,reanalysis_max_air_temp_k,0.19226051693562152
reanalysis_max_air_temp_k,reanalysis_precip_amt_kg_per_m2,0.19226051693562152
total_cases,reanalysis_max_air_temp_k,0.1913451953621762
reanalysis_max_air_temp_k,total_cases,0.1913451953621762
ndvi_nw,reanalysis_precip_amt_kg_per_m2,0.19098885527660212
reanalysis_precip_amt_kg_per_m2,ndvi_nw,0.19098885527660212
station_avg_temp_c,ndvi_ne,0.18622691285390527
ndvi_ne,station_avg_temp_c,0.18622691285390527
reanalysis_min_air_temp_k,weekofyear,0.17967862175950805
weekofyear,reanalysis_min_air_temp_k,0.17967862175950805
station_precip_mm,station_diur_temp_rng_c,0.17964791285403794
station_diur_temp_rng_c,station_precip_mm,0.17964791285403794
station_precip_mm,reanalysis_air_temp_k,0.1738506002613204
reanalysis_air_temp_k,station_precip_mm,0.1738506002613204
ndvi_se,total_cases,0.16861158256131104
total_cases,ndvi_se,0.16861158256131104
reanalysis_avg_temp_k,reanalysis_relative_humidity_percent,0.16837129618775146
reanalysis_relative_humidity_percent,reanalysis_avg_temp_k,0.16837129618775146
station_max_temp_c,station_precip_mm,0.1670979752245219
station_precip_mm,station_max_temp_c,0.1670979752245219
year,reanalysis_specific_humidity_g_per_kg,0.16159582360063834
reanalysis_specific_humidity_g_per_kg,year,0.16159582360063834
station_precip_mm,ndvi_sw,0.15834459744470553
ndvi_sw,station_precip_mm,0.15834459744470553
ndvi_se,reanalysis_air_temp_k,0.15744711686766072
reanalysis_air_temp_k,ndvi_se,0.15744711686766072
reanalysis_avg_temp_k,total_cases,0.15163709646341936
total_cases,reanalysis_avg_temp_k,0.15163709646341936
station_avg_temp_c,reanalysis_precip_amt_kg_per_m2,0.14855293200198785
reanalysis_precip_amt_kg_per_m2,station_avg_temp_c,0.14855293200198785
ndvi_nw,year,0.14434452123382055
year,ndvi_nw,0.14434452123382055
total_cases,reanalysis_dew_point_temp_k,0.14253051939879174
reanalysis_dew_point_temp_k,total_cases,0.14253051939879174
station_min_temp_c,station_max_temp_c,0.1405214589001886
station_max_temp_c,station_min_temp_c,0.1405214589001886
reanalysis_air_temp_k,year,0.14001634326382395
year,reanalysis_air_temp_k,0.14001634326382395
station_diur_temp_rng_c,reanalysis_precip_amt_kg_per_m2,0.1385015347566438
reanalysis_precip_amt_kg_per_m2,station_diur_temp_rng_c,0.1385015347566438
reanalysis_precip_amt_kg_per_m2,year,0.13262481914645427
year,reanalysis_precip_amt_kg_per_m2,0.13262481914645427
reanalysis_relative_humidity_percent,total_cases,0.13245247479971356
total_cases,reanalysis_relative_humidity_percent,0.13245247479971356
reanalysis_dew_point_temp_k,year,0.13227335541224625
year,reanalysis_dew_point_temp_k,0.13227335541224625
ndvi_se,station_precip_mm,0.13132572470077986
station_precip_mm,ndvi_se,0.13132572470077986
total_cases,reanalysis_specific_humidity_g_per_kg,0.1298606295130479
reanalysis_specific_humidity_g_per_kg,total_cases,0.1298606295130479
reanalysis_precip_amt_kg_per_m2,reanalysis_air_temp_k,0.12821880888539666
reanalysis_air_temp_k,reanalysis_precip_amt_kg_per_m2,0.12821880888539666
reanalysis_tdtr_k,reanalysis_avg_temp_k,0.12419979238763015
reanalysis_avg_temp_k,reanalysis_tdtr_k,0.12419979238763015
reanalysis_sat_precip_amt_mm,ndvi_sw,0.12404655959015384
precipitation_amt_mm,ndvi_sw,0.12404655959015384
ndvi_sw,reanalysis_sat_precip_amt_mm,0.12404655959015384
ndvi_sw,precipitation_amt_mm,0.12404655959015384
ndvi_se,weekofyear,0.12155681809950057
weekofyear,ndvi_se,0.12155681809950057
ndvi_sw,station_avg_temp_c,0.12105978595868325
station_avg_temp_c,ndvi_sw,0.12105978595868325
precipitation_amt_mm,reanalysis_min_air_temp_k,0.11969070845651307
reanalysis_min_air_temp_k,precipitation_amt_mm,0.11969070845651307
reanalysis_sat_precip_amt_mm,reanalysis_min_air_temp_k,0.1196907084565129
reanalysis_min_air_temp_k,reanalysis_sat_precip_amt_mm,0.1196907084565129
reanalysis_sat_precip_amt_mm,weekofyear,0.1180374940571918
precipitation_amt_mm,weekofyear,0.1180374940571918
weekofyear,reanalysis_sat_precip_amt_mm,0.1180374940571918
weekofyear,precipitation_amt_mm,0.1180374940571918
station_avg_temp_c,total_cases,0.11610851285583235
total_cases,station_avg_temp_c,0.11610851285583235
reanalysis_avg_temp_k,station_diur_temp_rng_c,0.10758100405446164
station_diur_temp_rng_c,reanalysis_avg_temp_k,0.10758100405446164
reanalysis_sat_precip_amt_mm,reanalysis_avg_temp_k,0.10638443901091389
reanalysis_avg_temp_k,reanalysis_sat_precip_amt_mm,0.10638443901091389
precipitation_amt_mm,reanalysis_avg_temp_k,0.10638443901091367
reanalysis_avg_temp_k,precipitation_amt_mm,0.10638443901091367
reanalysis_min_air_temp_k,reanalysis_precip_amt_kg_per_m2,0.10581468016610214
reanalysis_precip_amt_kg_per_m2,reanalysis_min_air_temp_k,0.10581468016610214
reanalysis_precip_amt_kg_per_m2,ndvi_sw,0.10165155000954362
ndvi_sw,reanalysis_precip_amt_kg_per_m2,0.10165155000954362
reanalysis_specific_humidity_g_per_kg,ndvi_nw,0.10062584385524297
ndvi_nw,reanalysis_specific_humidity_g_per_kg,0.10062584385524297
reanalysis_specific_humidity_g_per_kg,ndvi_ne,0.09485162811342139
ndvi_ne,reanalysis_specific_humidity_g_per_kg,0.09485162811342139
reanalysis_precip_amt_kg_per_m2,reanalysis_tdtr_k,0.094049970088497
reanalysis_tdtr_k,reanalysis_precip_amt_kg_per_m2,0.094049970088497
ndvi_se,station_avg_temp_c,0.08924225340086264
station_avg_temp_c,ndvi_se,0.08924225340086264
reanalysis_avg_temp_k,year,0.08504348056827826
year,reanalysis_avg_temp_k,0.08504348056827826
station_diur_temp_rng_c,reanalysis_specific_humidity_g_per_kg,0.08027341872386862
reanalysis_specific_humidity_g_per_kg,station_diur_temp_rng_c,0.08027341872386862
weekofyear,reanalysis_tdtr_k,0.07793262202335226
reanalysis_tdtr_k,weekofyear,0.07793262202335226
station_min_temp_c,precipitation_amt_mm,0.07668000452808364
precipitation_amt_mm,station_min_temp_c,0.07668000452808364
reanalysis_sat_precip_amt_mm,station_min_temp_c,0.07668000452808364
station_min_temp_c,reanalysis_sat_precip_amt_mm,0.07668000452808364
ndvi_se,precipitation_amt_mm,0.07463311022187974
precipitation_amt_mm,ndvi_se,0.07463311022187974
reanalysis_sat_precip_amt_mm,ndvi_se,0.07463311022187974
ndvi_se,reanalysis_sat_precip_amt_mm,0.07463311022187974
station_precip_mm,total_cases,0.07437445365334763
total_cases,station_precip_mm,0.07437445365334763
reanalysis_precip_amt_kg_per_m2,weekofyear,0.072954551922445
weekofyear,reanalysis_precip_amt_kg_per_m2,0.072954551922445
weekofyear,year,0.07164904410694119
year,weekofyear,0.07164904410694119
ndvi_sw,weekofyear,0.06870097922743967
weekofyear,ndvi_sw,0.06870097922743967
station_precip_mm,weekofyear,0.06629395829593873
weekofyear,station_precip_mm,0.06629395829593873
ndvi_nw,reanalysis_dew_point_temp_k,0.06328908686918885
reanalysis_dew_point_temp_k,ndvi_nw,0.06328908686918885
station_precip_mm,station_avg_temp_c,0.06314360284588248
station_avg_temp_c,station_precip_mm,0.06314360284588248
reanalysis_precip_amt_kg_per_m2,station_min_temp_c,0.056777257367630486
station_min_temp_c,reanalysis_precip_amt_kg_per_m2,0.056777257367630486
reanalysis_dew_point_temp_k,ndvi_ne,0.05607663223052741
ndvi_ne,reanalysis_dew_point_temp_k,0.05607663223052741
weekofyear,ndvi_ne,0.05354759778686238
ndvi_ne,weekofyear,0.05354759778686238
ndvi_sw,reanalysis_specific_humidity_g_per_kg,0.053437023403345094
reanalysis_specific_humidity_g_per_kg,ndvi_sw,0.053437023403345094
ndvi_se,reanalysis_avg_temp_k,0.05134830075829107
reanalysis_avg_temp_k,ndvi_se,0.05134830075829107
station_precip_mm,station_min_temp_c,0.05010974100287571
station_min_temp_c,station_precip_mm,0.05010974100287571
ndvi_nw,weekofyear,0.048758559332852267
weekofyear,ndvi_nw,0.048758559332852267
reanalysis_avg_temp_k,station_precip_mm,0.048052349772141095
station_precip_mm,reanalysis_avg_temp_k,0.048052349772141095
station_avg_temp_c,year,0.04701033436320505
year,station_avg_temp_c,0.04701033436320505
reanalysis_relative_humidity_percent,station_min_temp_c,0.042638903692639334
station_min_temp_c,reanalysis_relative_humidity_percent,0.042638903692639334
total_cases,station_max_temp_c,0.039219466975316024
station_max_temp_c,total_cases,0.039219466975316024
reanalysis_sat_precip_amt_mm,total_cases,0.03873965486114959
precipitation_amt_mm,total_cases,0.03873965486114959
total_cases,precipitation_amt_mm,0.03873965486114959
total_cases,reanalysis_sat_precip_amt_mm,0.03873965486114959
reanalysis_avg_temp_k,ndvi_ne,0.03768199098971709
ndvi_ne,reanalysis_avg_temp_k,0.03768199098971709
reanalysis_dew_point_temp_k,station_diur_temp_rng_c,0.03715140192591049
station_diur_temp_rng_c,reanalysis_dew_point_temp_k,0.03715140192591049
ndvi_se,reanalysis_precip_amt_kg_per_m2,0.034792200337890364
reanalysis_precip_amt_kg_per_m2,ndvi_se,0.034792200337890364
reanalysis_dew_point_temp_k,reanalysis_tdtr_k,0.03351203508848303
reanalysis_tdtr_k,reanalysis_dew_point_temp_k,0.03351203508848303
reanalysis_avg_temp_k,reanalysis_precip_amt_kg_per_m2,0.03172765740572089
reanalysis_precip_amt_kg_per_m2,reanalysis_avg_temp_k,0.03172765740572089
ndvi_nw,reanalysis_avg_temp_k,0.03097407359660135
reanalysis_avg_temp_k,ndvi_nw,0.03097407359660135
reanalysis_specific_humidity_g_per_kg,ndvi_se,0.02879509866770365
ndvi_se,reanalysis_specific_humidity_g_per_kg,0.02879509866770365
station_diur_temp_rng_c,weekofyear,0.023219945530624692
weekofyear,station_diur_temp_rng_c,0.023219945530624692
reanalysis_avg_temp_k,ndvi_sw,0.022533461020692466
ndvi_sw,reanalysis_avg_temp_k,0.022533461020692466
ndvi_sw,reanalysis_dew_point_temp_k,0.020746316987302903
reanalysis_dew_point_temp_k,ndvi_sw,0.020746316987302903
reanalysis_air_temp_k,precipitation_amt_mm,0.017228618985874432
precipitation_amt_mm,reanalysis_air_temp_k,0.017228618985874432
reanalysis_air_temp_k,reanalysis_sat_precip_amt_mm,0.017228618985874036
reanalysis_sat_precip_amt_mm,reanalysis_air_temp_k,0.017228618985874036
weekofyear,reanalysis_relative_humidity_percent,0.01519099341694893
reanalysis_relative_humidity_percent,weekofyear,0.01519099341694893
reanalysis_specific_humidity_g_per_kg,reanalysis_tdtr_k,0.012947606159222996
reanalysis_tdtr_k,reanalysis_specific_humidity_g_per_kg,0.012947606159222996
total_cases,reanalysis_precip_amt_kg_per_m2,0.010031036770202513
reanalysis_precip_amt_kg_per_m2,total_cases,0.010031036770202513
reanalysis_dew_point_temp_k,ndvi_se,0.002809935186784968
ndvi_se,reanalysis_dew_point_temp_k,0.002809935186784968
reanalysis_max_air_temp_k,reanalysis_air_temp_k,0.0012108478720959897
reanalysis_air_temp_k,reanalysis_max_air_temp_k,0.0012108478720959897
